Monday,1,jdn2001
Monday,1,spm2001
Monday,2,il2008
Monday,2,skl2002
Monday,2,jll2002
Monday,3,hal2001
Monday,3,tjf22
Monday,4,yb2010
Monday,4,mm2043
Monday,5,rtm2001
Monday,5,hl2020
Monday,5,aom2001
Monday,6,sm2023
Monday,6,jl2033
Monday,7,wan2001
Monday,7,jcl2002
Monday,8,mal2009
Monday,8,jyl2002
Monday,8,mel2002
Monday,9,mkm2001
Monday,9,etl2001
Monday,10,lmm2002
Monday,10,hl2019
Monday,10,nll2002
Monday,11,pyl2001
Monday,11,qs2002
Monday,12,jl2030
Monday,12,hcl2003
Monday,12,sbl2001
Monday,13,pcs2001
Monday,13,ym2009
Monday,14,hll2002
Monday,14,btm2002
Monday,14,il20071
Tuesday,1,jso2001
Tuesday,1,jfm2002
Tuesday,1,yo2006
Tuesday,2,cmo2001
Tuesday,2,awm2001
Tuesday,2,jam2004
Tuesday,3,lmm2003
Tuesday,3,an2007
Tuesday,3,nin2001
Tuesday,4,rre12
Tuesday,4,jo2006
Tuesday,4,sys2002
Tuesday,5,ofo2001
Tuesday,5,smo2001
Tuesday,5,ssm2003
Tuesday,6,dsm2001
Tuesday,6,mm2040
Tuesday,7,go2001
Tuesday,7,csp2001
Tuesday,7,rjn2002
Tuesday,8,srm2001
Tuesday,8,nmp2001
Tuesday,8,hkm2001
Tuesday,9,aam2004
Tuesday,9,vn2004
Tuesday,9,plm2001
Tuesday,10,tm2011
Tuesday,10,cdz2001
Tuesday,10,ym2008
Tuesday,11,mcy2001
Tuesday,11,abt2001
Tuesday,12,frn9
Tuesday,12,cp2012
Tuesday,13,np2004
Tuesday,13,gwo2001
Wedensday,1,brs2001
Wedensday,1,ahs2001
Wedensday,2,as2027
Wedensday,2,sps2002
Wedensday,2,edp2002
Wedensday,3,gje7
Wedensday,3,mjm2002
Wedensday,3,pr2010
Wedensday,4,elr2001
Wedensday,4,gys2001
Wedensday,4,sbp2001
Wedensday,5,srp2003
Wedensday,5,ts2013
Wedensday,5,mms2002
Wedensday,6,rmp2002
Wedensday,6,ss2033
Wedensday,6,cbs2003
Wedensday,7,mlr2002
Wedensday,7,jmr2005
Wedensday,7,adr2002
Wedensday,8,mjw2002
Wedensday,8,ar2017
Wedensday,9,dlr2002
Wedensday,9,pkr2001
Wedensday,9,mpp2002
Wedensday,10,me2014
Wedensday,10,ps2013
Wedensday,10,sas2003
Wedensday,11,as2027
Wedensday,11,sps2002
Wedensday,11,edp2002
Wedensday,12,nrs2003
Wedensday,12,bs2018
Wedensday,12,aer2003
Wedensday,13,acp2002
Wedensday,13,wsy9
Wedensday,14,mw708
Wedensday,14,mr2018
Wedensday,15,jlr2002
Wedensday,15,rds2001
Thursday,1,rht2001
Thursday,1,ljs2001
Thursday,1,kw2007
Thursday,2,ms2192
Thursday,2,at2018
Thursday,2,dit2001
Thursday,3,mrs2005
Thursday,3,aft2001
Thursday,3,spt2001
Thursday,4,ncc2001
Thursday,4,rcn15
Thursday,5,bt182
Thursday,5,cks2001
Thursday,5,ms2193
Thursday,6,hcl2002
Thursday,6,crs2002
Thursday,7,st2010
Thursday,7,ddt2001
Thursday,7,tt2011
Thursday,8,spt2002
Thursday,8,mhs2004
Thursday,8,mt2020
Thursday,9,les2003
Thursday,9,ces2003
Thursday,9,mrs2004
Thursday,10,hgs2001
Thursday,10,ebt2001
Thursday,11,ns2019
Thursday,11,lys2001
Thursday,12,jt2027
Thursday,12,slt2002
Thursday,12,gs2015
Thursday,13,jjt2003
Thursday,14,np2003
Thursday,14,jam2003
Friday,1,kmv2001
Friday,1,agy2001
Friday,1,scw2001
Friday,2,ey2004
Friday,2,jw2022
Friday,2,eyw2002
Friday,3,brw2001
Friday,3,mv2008
Friday,3,chu2001
Friday,4,bmw2001
Friday,4,wrw2001
Friday,4,chw2002
Friday,5,slw2003
Friday,5,yz2012
Friday,5,wy2003
Friday,6,wv2004
Friday,6,nu2001
Friday,6,bw2007
Friday,7,tw2004
Friday,7,dv2003
Friday,8,hv81
Friday,8,ry2001
Friday,8,siy2001
Friday,9,blw2002
Friday,9,my2007
Friday,9,mvt2002
Friday,10,wbw27
Friday,10,vev2001
Friday,10,drw2002
Friday,11,lcw2001
Friday,11,sv2008
